INSERT INTO Wydawcy(Id, Nazwa)
VALUES ('e7f1ead7-0771-4300-8826-37ca7c1d3874', 'Sony Interactive Entertainment'),
       ('3f5c118f-301e-459e-99ac-c8d47170f176', 'Microsoft Gaming'),
       ('f22ee43c-3826-4edb-b0b9-428668d706a3', 'Tencent Games'),
       ('860ed763-978a-45fa-affa-d1b7fe8ae326', 'Apple'),
       ('d59ab6f6-994f-40e3-9c55-48f05d13c419', 'Nintendo'),
       ('05e2b844-a225-4e12-967a-593b9bb87da0', 'Electronic Arts'),
       ('af466158-f8fc-40b1-bea4-b521fc80993f', 'Ubisoft'),
       ('6abb677c-dce6-4957-8419-988a48b2958e', 'Square Enix'),
       ('47991ffc-4719-4f48-a6d8-f42ae5364dea', 'Sega'),
       ('c13868a1-a9db-4e18-9533-68614dab6e6c', 'Capcom');

INSERT INTO Producenci(Id, Nazwa)
VALUES ('121210ff-9395-46c8-a479-436f6678c92b', 'Nintendo'),
       ('e1916207-97f5-4a19-b1f3-6e159095f883', 'Ubisoft'),
       ('12ce3541-45c6-4fcc-b9e7-82eec0b4e9ab', 'Electronic Arts'),
       ('9d950c6c-f522-4461-80c5-a77b95040bfb', 'Microsoft'),
       ('67508c0f-6f15-49e1-b8d7-100550dd39cd', 'Sony Interactive Entertainment'),
       ('db80dbab-a325-41f2-95dd-6115109b3590', 'Epic Games'),
       ('98f24177-91de-4785-89a6-d164eb542733', 'Exploding Kittens'),
       ('c65418f0-7ce9-4434-8aee-17ae2d77d582', 'Activision Blizzard'),
       ('12acdf06-5f0b-44b2-ba6f-1f73b234ed08', 'Take-Two Interactive Software'),
       ('54df07bd-0416-41e5-9924-8ec5635ac013', 'Bungie');

INSERT INTO Gry(Id, Tytul, IdWydawcy, IdProducenta)
VALUES ('96c00b76-6675-4c47-8e77-33282ebe7180', 'Spider-Man', 'e7f1ead7-0771-4300-8826-37ca7c1d3874', '67508c0f-6f15-49e1-b8d7-100550dd39cd'),
       ('dd41ba5d-7a2b-44dc-af91-b00fb4ec05e3', 'Yakuza: Lika a Dragon', '6abb677c-dce6-4957-8419-988a48b2958e', '67508c0f-6f15-49e1-b8d7-100550dd39cd'),
       ('194f97a1-e418-4094-831f-91e0e50e00c3', 'Minecraft', 'd59ab6f6-994f-40e3-9c55-48f05d13c419', 'db80dbab-a325-41f2-95dd-6115109b3590'),
       ('289f8d64-7cd5-4175-bdf0-7fd279e3a5ad', 'Fallout 4', '6abb677c-dce6-4957-8419-988a48b2958e', '54df07bd-0416-41e5-9924-8ec5635ac013'),
       ('65dae096-21bd-4877-8c3c-a21b7bff027e', 'Call Of Duty: Modern Warfare', '3f5c118f-301e-459e-99ac-c8d47170f176', 'c65418f0-7ce9-4434-8aee-17ae2d77d582'),
       ('620f3ba1-c0d2-4165-b139-5ac2b7cf86a8', 'Inscription', 'e7f1ead7-0771-4300-8826-37ca7c1d3874', 'e1916207-97f5-4a19-b1f3-6e159095f883'),
       ('ec411049-8ca4-441d-8b3f-95dede77dbbc', 'Goat Simulator', 'f22ee43c-3826-4edb-b0b9-428668d706a3', 'c65418f0-7ce9-4434-8aee-17ae2d77d582'),
       ('6ae08e89-9e31-411e-8b5a-69c4ef5201ac', 'Yakuza: Day 9', 'af466158-f8fc-40b1-bea4-b521fc80993f', '121210ff-9395-46c8-a479-436f6678c92b'),
       ('b8bafbe5-8e94-464f-bc42-979f6edbc735', 'Payday 3', '860ed763-978a-45fa-affa-d1b7fe8ae326', '12acdf06-5f0b-44b2-ba6f-1f73b234ed08'),
       ('150a3a49-bc3a-4ad4-a4de-899fcfe0b046', 'Payday 2', '3f5c118f-301e-459e-99ac-c8d47170f176', '67508c0f-6f15-49e1-b8d7-100550dd39cd'),
       ('d0316dfa-86bb-4522-b4f3-7cd60b6fd72f', 'Assasins Creed 1', 'af466158-f8fc-40b1-bea4-b521fc80993f', 'e1916207-97f5-4a19-b1f3-6e159095f883'),
       ('747fbbb5-55d7-4c6a-9065-974f94fdcbda', 'Assasins Creed 2', 'af466158-f8fc-40b1-bea4-b521fc80993f', 'e1916207-97f5-4a19-b1f3-6e159095f883'),
       ('adb51f68-026c-471b-89c6-5e4ab16ff0dd', 'Assasins Creed 3', 'af466158-f8fc-40b1-bea4-b521fc80993f', 'e1916207-97f5-4a19-b1f3-6e159095f883'),
       ('c00bfaaf-867b-419f-8614-8c2ffd0b775b', 'Assasins Creed 4', 'af466158-f8fc-40b1-bea4-b521fc80993f', 'e1916207-97f5-4a19-b1f3-6e159095f883'),
       ('ed049fb9-34c2-41ac-a84c-253dd49202f5', 'GTA 4', 'c13868a1-a9db-4e18-9533-68614dab6e6c', '98f24177-91de-4785-89a6-d164eb542733'),
       ('95f40074-991c-41c8-8903-b309abe0ef09', 'GTA 5', 'c13868a1-a9db-4e18-9533-68614dab6e6c', '98f24177-91de-4785-89a6-d164eb542733'),
       ('e080bbce-f3e3-410f-a4e1-7d14ab0137a3', 'GTA 6', 'c13868a1-a9db-4e18-9533-68614dab6e6c', '98f24177-91de-4785-89a6-d164eb542733'),
       ('2c398c75-c966-4a8a-a984-1b4cfb4083de', 'Fallout 3', '3f5c118f-301e-459e-99ac-c8d47170f176', 'c65418f0-7ce9-4434-8aee-17ae2d77d582'),
       ('4574eb13-92f8-4bd2-870b-13cd1d4df6ea', 'Fallout New Vegas', '3f5c118f-301e-459e-99ac-c8d47170f176', 'c65418f0-7ce9-4434-8aee-17ae2d77d582'),
       ('eb00cc5e-d131-4ce4-8c10-15f35eb83447', 'Fallout New Boston', '3f5c118f-301e-459e-99ac-c8d47170f176', 'c65418f0-7ce9-4434-8aee-17ae2d77d582');

INSERT INTO Tagi(Id, Nazwa)
VALUES ('45a8c332-0472-4549-9553-e4be4760bae1', 'FPS'),
       ('7bab46de-5010-4dbf-8c1b-ef87e2496c36', 'RPG'),
       ('57b0c333-c34d-4492-9779-f29a1675360d', 'CO-OP'),
       ('cd2b621d-c638-47ac-9338-97b33e4ff020', 'Asymetric Multiplayer'),
       ('43edfdd5-6efc-4052-8aa5-2560f6046f6b', 'Great Story'),
       ('d7bb6a4f-b13b-46ce-97ed-5da5713af9b2', 'American City'),
       ('4ae0e9c9-b2e3-483c-98c5-51b581f1a009', 'Historic'),
       ('5295b038-ad09-4af8-8793-bfc0c0f2ec01', 'Fallout'),
       ('32593392-f932-4d06-85c5-96763504c0b1', 'GTA'),
       ('75ef035f-ad6f-41bf-9f77-de995651662c', 'Assasins Creed');

INSERT INTO GryTagi(IdGry, IdTagu)
VALUES ('d0316dfa-86bb-4522-b4f3-7cd60b6fd72f', '75ef035f-ad6f-41bf-9f77-de995651662c'),
       ('747fbbb5-55d7-4c6a-9065-974f94fdcbda', '75ef035f-ad6f-41bf-9f77-de995651662c'),
       ('adb51f68-026c-471b-89c6-5e4ab16ff0dd', '75ef035f-ad6f-41bf-9f77-de995651662c'),
       ('c00bfaaf-867b-419f-8614-8c2ffd0b775b', '75ef035f-ad6f-41bf-9f77-de995651662c'),
       ('ed049fb9-34c2-41ac-a84c-253dd49202f5', '32593392-f932-4d06-85c5-96763504c0b1'),
       ('95f40074-991c-41c8-8903-b309abe0ef09', '32593392-f932-4d06-85c5-96763504c0b1'),
       ('e080bbce-f3e3-410f-a4e1-7d14ab0137a3', '32593392-f932-4d06-85c5-96763504c0b1'),
       ('ed049fb9-34c2-41ac-a84c-253dd49202f5', 'd7bb6a4f-b13b-46ce-97ed-5da5713af9b2'),
       ('95f40074-991c-41c8-8903-b309abe0ef09', 'd7bb6a4f-b13b-46ce-97ed-5da5713af9b2'),
       ('e080bbce-f3e3-410f-a4e1-7d14ab0137a3', 'd7bb6a4f-b13b-46ce-97ed-5da5713af9b2'),
       ('b8bafbe5-8e94-464f-bc42-979f6edbc735', '57b0c333-c34d-4492-9779-f29a1675360d'),
       ('150a3a49-bc3a-4ad4-a4de-899fcfe0b046', '57b0c333-c34d-4492-9779-f29a1675360d'),
       ('b8bafbe5-8e94-464f-bc42-979f6edbc735', 'cd2b621d-c638-47ac-9338-97b33e4ff020'),
       ('150a3a49-bc3a-4ad4-a4de-899fcfe0b046', 'cd2b621d-c638-47ac-9338-97b33e4ff020'),
       ('2c398c75-c966-4a8a-a984-1b4cfb4083de', 'd7bb6a4f-b13b-46ce-97ed-5da5713af9b2'),
       ('4574eb13-92f8-4bd2-870b-13cd1d4df6ea', 'd7bb6a4f-b13b-46ce-97ed-5da5713af9b2'),
       ('eb00cc5e-d131-4ce4-8c10-15f35eb83447', 'd7bb6a4f-b13b-46ce-97ed-5da5713af9b2'),
       ('2c398c75-c966-4a8a-a984-1b4cfb4083de', '7bab46de-5010-4dbf-8c1b-ef87e2496c36'),
       ('4574eb13-92f8-4bd2-870b-13cd1d4df6ea', '7bab46de-5010-4dbf-8c1b-ef87e2496c36'),
       ('eb00cc5e-d131-4ce4-8c10-15f35eb83447', '7bab46de-5010-4dbf-8c1b-ef87e2496c36');

INSERT INTO Dodatki(Id, IdGry, Tytul)
VALUES ('1e29d512-7779-4d9c-ba67-750acb519efa', '150a3a49-bc3a-4ad4-a4de-899fcfe0b046', 'New Horizons'),
       ('0829acc7-dc08-4377-9482-dfb57bb8cc6b', '150a3a49-bc3a-4ad4-a4de-899fcfe0b046', 'Old Horizons'),
       ('68ce80f4-d98c-4fc1-a53d-66a0fc07a83f', '150a3a49-bc3a-4ad4-a4de-899fcfe0b046', 'Nice Place'),
       ('70920c35-9ba2-4ef9-80b9-a8acb46e0e49', 'c00bfaaf-867b-419f-8614-8c2ffd0b775b', 'The great voyage'),
       ('5f54d7e3-29b5-47e3-916b-70004452adbf', 'c00bfaaf-867b-419f-8614-8c2ffd0b775b', 'The big ship'),
       ('8efe3995-fe00-4c5a-8851-40d70d38ba5d', 'c00bfaaf-867b-419f-8614-8c2ffd0b775b', 'The red ship'),
       ('f13c2357-e06e-43c0-ac46-246872e8e3d5', '65dae096-21bd-4877-8c3c-a21b7bff027e', 'HD Textures'),
       ('a3a2194c-2b2a-4cbd-a7ec-0b890e15ba4a', '4574eb13-92f8-4bd2-870b-13cd1d4df6ea', 'HD Textures'),
       ('7a175164-ce8f-44ee-b268-ab0016bc160a', '2c398c75-c966-4a8a-a984-1b4cfb4083de', 'HD Textures'),
       ('575258f2-bebc-4400-bd40-ecd4e4169977', '6ae08e89-9e31-411e-8b5a-69c4ef5201ac', 'Toyko Drift'),
       ('909877b7-32a3-4a47-9be5-30c055aad261', 'dd41ba5d-7a2b-44dc-af91-b00fb4ec05e3', 'Kyoto Drift'),
       ('65151cda-f618-4db2-9234-d62bc3b243ed', '96c00b76-6675-4c47-8e77-33282ebe7180', 'The Big Apple'),
       ('60538fb1-de32-4d26-bcc1-c6bf59d9faea', '96c00b76-6675-4c47-8e77-33282ebe7180', 'The Green Jewel'),
       ('aa4e368f-a9f5-455f-8460-e45c7dba28fb', '96c00b76-6675-4c47-8e77-33282ebe7180', 'The Sunny Beach'),
       ('473b376c-93d0-417f-984e-f370da09c0b9', 'e080bbce-f3e3-410f-a4e1-7d14ab0137a3', 'Loan Shark: 900$'),
       ('9d4374e6-c3ab-47b0-a0e9-0eab9551ec1a', '95f40074-991c-41c8-8903-b309abe0ef09', 'Loan Shark: 900$'),
       ('63d76142-14a3-43a8-8263-3f4663f52637', 'ed049fb9-34c2-41ac-a84c-253dd49202f5', 'Loan Shark: 900$'),
       ('990e9785-eb5a-4e82-9158-fea6767a4145', 'e080bbce-f3e3-410f-a4e1-7d14ab0137a3', 'Loan Shark: 1800$'),
       ('5ba13b1a-a18e-40cd-92d9-1d9d2889a1b8', '95f40074-991c-41c8-8903-b309abe0ef09', 'Loan Shark: 1800$'),
       ('76e2cd11-a557-4bc4-b1c4-6bf04b26503e', 'ed049fb9-34c2-41ac-a84c-253dd49202f5', 'Loan Shark: 1800$');

INSERT INTO Platformy(Id, Nazwa, Producent)
VALUES ('388238f1-5099-4943-b3a9-51a9451cb527', 'PC', NULL),
       ('23b145ab-c28a-4e28-a11c-66921c52efb8', 'PlayStation 1', 'Sony'),
       ('54a4eab7-8ffc-4094-aaa8-72d8b63588b5', 'PlayStation 2', 'Sony'),
       ('6125728d-5d5b-4371-9c04-0d864e78c6e3', 'PlayStation 3', 'Sony'),
       ('20b3626d-cf32-4b30-893e-00f78ee47b2a', 'PlayStation 4', 'Sony'),
       ('d41e8800-23c7-4e84-8963-55ece2da672d', 'PlayStation 5', 'Sony'),
       ('496c0cf7-f429-4c1b-997c-da9d31591b25', 'Xbox 1', 'Microsoft'),
       ('1fe1a356-36f8-4a16-9d65-d8a186ec83a3', 'Xbox 2', 'Microsoft'),
       ('f4f5951d-02da-4241-9000-5613bc702f64', 'Xbox 3', 'Microsoft'),
       ('42f370a8-b556-4fc2-bce4-6d9c5fcbcf16', 'Xbox 4', 'Microsoft');

INSERT INTO GryNaPlatformach(IdGry, IdPlatformy, DataWydania)
VALUES ('ed049fb9-34c2-41ac-a84c-253dd49202f5', '388238f1-5099-4943-b3a9-51a9451cb527', '2018-06-23 07:30:20'),
       ('ed049fb9-34c2-41ac-a84c-253dd49202f5', 'd41e8800-23c7-4e84-8963-55ece2da672d', '2018-03-23 07:30:20'),
       ('ed049fb9-34c2-41ac-a84c-253dd49202f5', '42f370a8-b556-4fc2-bce4-6d9c5fcbcf16', '2018-01-23 07:30:20'),
       ('95f40074-991c-41c8-8903-b309abe0ef09', '388238f1-5099-4943-b3a9-51a9451cb527', '2018-02-23 07:30:20'),
       ('95f40074-991c-41c8-8903-b309abe0ef09', 'd41e8800-23c7-4e84-8963-55ece2da672d', '2018-06-23 07:30:20'),
       ('95f40074-991c-41c8-8903-b309abe0ef09', '42f370a8-b556-4fc2-bce4-6d9c5fcbcf16', '2019-07-23 07:30:20'),
       ('e080bbce-f3e3-410f-a4e1-7d14ab0137a3', '388238f1-5099-4943-b3a9-51a9451cb527', '2018-06-23 07:30:20'),
       ('e080bbce-f3e3-410f-a4e1-7d14ab0137a3', 'd41e8800-23c7-4e84-8963-55ece2da672d', '2018-12-23 07:30:20'),
       ('e080bbce-f3e3-410f-a4e1-7d14ab0137a3', '42f370a8-b556-4fc2-bce4-6d9c5fcbcf16', '2022-02-23 07:30:20'),
       ('b8bafbe5-8e94-464f-bc42-979f6edbc735', '388238f1-5099-4943-b3a9-51a9451cb527', '2021-11-23 07:30:20'),
       ('b8bafbe5-8e94-464f-bc42-979f6edbc735', 'd41e8800-23c7-4e84-8963-55ece2da672d', '2020-06-23 07:30:20'),
       ('b8bafbe5-8e94-464f-bc42-979f6edbc735', '42f370a8-b556-4fc2-bce4-6d9c5fcbcf16', '2018-08-23 07:30:20'),
       ('150a3a49-bc3a-4ad4-a4de-899fcfe0b046', '388238f1-5099-4943-b3a9-51a9451cb527', '2016-09-23 07:30:20'),
       ('150a3a49-bc3a-4ad4-a4de-899fcfe0b046', 'd41e8800-23c7-4e84-8963-55ece2da672d', '2015-10-23 07:30:20'),
       ('150a3a49-bc3a-4ad4-a4de-899fcfe0b046', '42f370a8-b556-4fc2-bce4-6d9c5fcbcf16', '2018-02-23 07:30:20'),
       ('65dae096-21bd-4877-8c3c-a21b7bff027e', '388238f1-5099-4943-b3a9-51a9451cb527', '2019-01-23 07:30:20'),
       ('65dae096-21bd-4877-8c3c-a21b7bff027e', 'd41e8800-23c7-4e84-8963-55ece2da672d', '2019-02-23 07:30:20'),
       ('65dae096-21bd-4877-8c3c-a21b7bff027e', '42f370a8-b556-4fc2-bce4-6d9c5fcbcf16', '2019-05-23 07:30:20'),
       ('194f97a1-e418-4094-831f-91e0e50e00c3', 'd41e8800-23c7-4e84-8963-55ece2da672d', '2018-10-23 07:30:20'),
       ('194f97a1-e418-4094-831f-91e0e50e00c3', '42f370a8-b556-4fc2-bce4-6d9c5fcbcf16', '2021-12-23 07:30:20');

INSERT INTO DodatkiNaPlatformach(IdDodatku, IdGry, IdPlatformy, DataWydania)
VALUES ('63d76142-14a3-43a8-8263-3f4663f52637', 'ed049fb9-34c2-41ac-a84c-253dd49202f5', '388238f1-5099-4943-b3a9-51a9451cb527', '2018-06-23 07:30:20'),
       ('63d76142-14a3-43a8-8263-3f4663f52637', 'ed049fb9-34c2-41ac-a84c-253dd49202f5', 'd41e8800-23c7-4e84-8963-55ece2da672d', '2018-03-23 07:30:20'),
       ('63d76142-14a3-43a8-8263-3f4663f52637', 'ed049fb9-34c2-41ac-a84c-253dd49202f5', '42f370a8-b556-4fc2-bce4-6d9c5fcbcf16', '2018-01-23 07:30:20'),
       ('9d4374e6-c3ab-47b0-a0e9-0eab9551ec1a', '95f40074-991c-41c8-8903-b309abe0ef09', '388238f1-5099-4943-b3a9-51a9451cb527', '2018-02-23 07:30:20'),
       ('9d4374e6-c3ab-47b0-a0e9-0eab9551ec1a', '95f40074-991c-41c8-8903-b309abe0ef09', 'd41e8800-23c7-4e84-8963-55ece2da672d', '2018-06-23 07:30:20'),
       ('9d4374e6-c3ab-47b0-a0e9-0eab9551ec1a', '95f40074-991c-41c8-8903-b309abe0ef09', '42f370a8-b556-4fc2-bce4-6d9c5fcbcf16', '2019-07-23 07:30:20'),
       ('473b376c-93d0-417f-984e-f370da09c0b9', 'e080bbce-f3e3-410f-a4e1-7d14ab0137a3', '388238f1-5099-4943-b3a9-51a9451cb527', '2018-06-23 07:30:20'),
       ('473b376c-93d0-417f-984e-f370da09c0b9', 'e080bbce-f3e3-410f-a4e1-7d14ab0137a3', 'd41e8800-23c7-4e84-8963-55ece2da672d', '2018-12-23 07:30:20'),
       ('473b376c-93d0-417f-984e-f370da09c0b9', 'e080bbce-f3e3-410f-a4e1-7d14ab0137a3', '42f370a8-b556-4fc2-bce4-6d9c5fcbcf16', '2022-02-23 07:30:20'),
       ('5ba13b1a-a18e-40cd-92d9-1d9d2889a1b8', '95f40074-991c-41c8-8903-b309abe0ef09', '388238f1-5099-4943-b3a9-51a9451cb527', '2021-11-23 07:30:20'),
       ('5ba13b1a-a18e-40cd-92d9-1d9d2889a1b8', '95f40074-991c-41c8-8903-b309abe0ef09', 'd41e8800-23c7-4e84-8963-55ece2da672d', '2020-06-23 07:30:20'),
       ('5ba13b1a-a18e-40cd-92d9-1d9d2889a1b8', '95f40074-991c-41c8-8903-b309abe0ef09', '42f370a8-b556-4fc2-bce4-6d9c5fcbcf16', '2018-08-23 07:30:20'),
       ('1e29d512-7779-4d9c-ba67-750acb519efa', '150a3a49-bc3a-4ad4-a4de-899fcfe0b046', '388238f1-5099-4943-b3a9-51a9451cb527', '2016-09-23 07:30:20'),
       ('0829acc7-dc08-4377-9482-dfb57bb8cc6b', '150a3a49-bc3a-4ad4-a4de-899fcfe0b046', '388238f1-5099-4943-b3a9-51a9451cb527', '2015-10-23 07:30:20'),
       ('68ce80f4-d98c-4fc1-a53d-66a0fc07a83f', '150a3a49-bc3a-4ad4-a4de-899fcfe0b046', '388238f1-5099-4943-b3a9-51a9451cb527', '2018-02-23 07:30:20'),
       ('f13c2357-e06e-43c0-ac46-246872e8e3d5', '65dae096-21bd-4877-8c3c-a21b7bff027e', '388238f1-5099-4943-b3a9-51a9451cb527', '2019-01-23 07:30:20'),
       ('f13c2357-e06e-43c0-ac46-246872e8e3d5', '65dae096-21bd-4877-8c3c-a21b7bff027e', 'd41e8800-23c7-4e84-8963-55ece2da672d', '2019-02-23 07:30:20'),
       ('990e9785-eb5a-4e82-9158-fea6767a4145', 'e080bbce-f3e3-410f-a4e1-7d14ab0137a3', '42f370a8-b556-4fc2-bce4-6d9c5fcbcf16', '2019-05-23 07:30:20'),
       ('990e9785-eb5a-4e82-9158-fea6767a4145', 'e080bbce-f3e3-410f-a4e1-7d14ab0137a3', 'd41e8800-23c7-4e84-8963-55ece2da672d', '2018-10-23 07:30:20'),
       ('990e9785-eb5a-4e82-9158-fea6767a4145', 'e080bbce-f3e3-410f-a4e1-7d14ab0137a3', '388238f1-5099-4943-b3a9-51a9451cb527', '2021-12-23 07:30:20');

INSERT INTO Recenzje(Id, Tytul, Zawartosc, DataOpublikowania, IdPlatformy, IdGry, IdDodatku, Ocena)
VALUES ('a9e80f70-6712-4a26-9d1d-2e37d1dfc6f7', 'GTA 4 PC Review', 'Test', '2018-06-24 00:00:00', '388238f1-5099-4943-b3a9-51a9451cb527', 'ed049fb9-34c2-41ac-a84c-253dd49202f5', NULL, 70),
       ('bd43793f-4829-471a-989b-efa3561e9b5c', 'GTA 4 PS5 Review', 'Hello', '2018-03-24 00:00:00', 'd41e8800-23c7-4e84-8963-55ece2da672d', 'ed049fb9-34c2-41ac-a84c-253dd49202f5', NULL, 70),
       ('e7024984-b7db-4ad7-9790-3f5232b6bf24', 'GTA 4 XBOX4 Review', 'Nice', '2018-01-24 00:00:00', '42f370a8-b556-4fc2-bce4-6d9c5fcbcf16', 'ed049fb9-34c2-41ac-a84c-253dd49202f5', NULL, 70),
       ('2cec18bc-0dfb-4e6f-994e-39940b7c3963', 'GTA 5 PC REVIEW', 'Good', '2018-02-24 07:30:20', '388238f1-5099-4943-b3a9-51a9451cb527', '95f40074-991c-41c8-8903-b309abe0ef09', NULL, 60),
       ('9803917e-9d96-4ffb-8055-cd942614cad1', 'GTA 5 PS5 REVIEW', 'Excellent', '2018-06-24 07:30:20', 'd41e8800-23c7-4e84-8963-55ece2da672d', '95f40074-991c-41c8-8903-b309abe0ef09', NULL, 60),
       ('090c3ea1-7ffc-4e81-ac56-1fdeeb677ddb', 'GTA 5 XBOX4 REVIEW', 'GTA', '2019-07-24 07:30:20', '42f370a8-b556-4fc2-bce4-6d9c5fcbcf16', '95f40074-991c-41c8-8903-b309abe0ef09', NULL, 65),
       ('5e8a814a-f3f0-49ea-8066-936566661a6c', 'GTA 6 PC REVIEW', 'As', '2018-06-24 07:30:20', '388238f1-5099-4943-b3a9-51a9451cb527', 'e080bbce-f3e3-410f-a4e1-7d14ab0137a3', NULL, 90),
       ('bd450477-0fba-4d9b-8b07-122efc9b1b25', 'GTA 6 PS5 REVIEW', 'always', '2018-12-24 07:30:20', 'd41e8800-23c7-4e84-8963-55ece2da672d', 'e080bbce-f3e3-410f-a4e1-7d14ab0137a3', NULL, 90),
       ('befa650b-1832-466d-948f-97a8e3dfcd6c', 'GTA 6 XBOX4 REVIEW', 'great', '2022-02-24 07:30:20', '42f370a8-b556-4fc2-bce4-6d9c5fcbcf16', 'e080bbce-f3e3-410f-a4e1-7d14ab0137a3', NULL, 90),
       ('33652b17-44b1-490a-a11f-8b1cf9e4dc5d', '', '', '', '', NULL, NULL, 0),
       ('ef41e2bf-06b7-4580-b72f-e550b9111331', '', '', '', '', NULL, NULL, 0),
       ('2f64126c-f800-48a4-bd47-dd1c6d0185ab', '', '', '', '', NULL, NULL, 0),
       ('b3a177dc-c1d1-4f68-a4ce-ee57316e1c5f', '', '', '', '', NULL, NULL, 0),
       ('effa6942-914d-46b6-b7f2-adec2929f89a', '', '', '', '', NULL, NULL, 0),
       ('75485517-0c1c-4bcd-8132-4906baa5b0ae', '', '', '', '', NULL, NULL, 0),
       ('8e1da2cc-6adc-48be-b0e5-63a570582434', '', '', '', '', NULL, NULL, 0),
       ('3064e01b-f158-491f-abb1-afb030499c96', '', '', '', '', NULL, NULL, 0),
       ('b35a30df-60ab-4cfe-bbb7-614c3972e9d8', '', '', '', '', NULL, NULL, 0),
       ('139b18f4-9c98-41c4-9d16-7162d149ead3', '', '', '', '', NULL, NULL, 0),
       ('fbb52279-b7b6-450d-8d55-7cf2732edf72', '', '', '', '', NULL, NULL, 0);